x-axis,1
second,Volt
-4.200000E-03,-738.316581E-03
-4.195800E-03,-793.991999E-03
-4.191600E-03,+2.688020988E+00
-4.187400E-03,+2.879773833E+00
-4.183200E-03,+2.879773833E+00
-4.179000E-03,+2.916944895E+00
-4.174800E-03,+2.972620312E+00
-4.170600E-03,+3.052859972E+00
-4.166400E-03,-738.316581E-03
-4.162200E-03,-596.179268E-03
-4.158000E-03,-571.452677E-03
-4.153800E-03,+4.188334980E+00
-4.149600E-03,+3.362185888E+00
-4.145400E-03,+3.362348237E+00
-4.141200E-03,+3.467152139E+00
-4.137000E-03,+3.491878730E+00
-4.132800E-03,+3.522989906E+00
-4.128600E-03,+3.585049909E+00
-4.124400E-03,-175.502516E-03
-4.120200E-03,-175.502516E-03
-4.116000E-03,-26.818269E-03
-4.111800E-03,+5.670416359E+00
-4.107600E-03,+3.825768888E+00
-4.103400E-03,+4.005401962E+00
-4.099200E-03,+4.005401962E+00
-4.095000E-03,+4.030453252E+00
-4.090800E-03,+4.085479272E+00
-4.086600E-03,+3.981000069E+00
-4.082400E-03,+195.234004E-03
-4.078200E-03,+226.507530E-03
-4.074000E-03,+288.729882E-03
-4.069800E-03,+4.836096838E+00
-4.065600E-03,+4.420181177E+00
-4.061400E-03,+4.487814017E+00
-4.057200E-03,+4.487814017E+00
-4.053000E-03,+4.568216026E+00
-4.048800E-03,+4.568216026E+00
-4.044600E-03,+2.697003163E+00
-4.040400E-03,+603.303936E-03
-4.036200E-03,+628.030527E-03
-4.032000E-03,+708.919585E-03
-4.027800E-03,+4.599651901E+00
-4.023600E-03,+4.976935355E+00
-4.019400E-03,+5.032610773E+00
-4.015200E-03,+7.259140439E+00
-4.011000E-03,+7.288952820E+00
-4.006800E-03,+7.141080320E+00
-4.002600E-03,-979.522608E-03
-3.998400E-03,-175.502516E-03
-3.994200E-03,-181.075354E-03
-3.990000E-03,-275.707677E-03
-3.985800E-03,+7.246858318E+00
-3.981600E-03,+7.221482329E+00
-3.977400E-03,+7.197405135E+00
-3.973200E-03,+7.141080320E+00
-3.969000E-03,+7.060678311E+00
-3.964800E-03,+6.962421343E+00
-3.960600E-03,-251.143435E-03
-3.956400E-03,-188.596384E-03
-3.952200E-03,-187.135240E-03
-3.948000E-03,-175.502516E-03
-3.943800E-03,+7.321200442E+00
-3.939600E-03,+7.296473850E+00
-3.935400E-03,+7.191345250E+00
-3.931200E-03,+7.141080320E+00
-3.927000E-03,+7.060678311E+00
-3.922800E-03,+7.004191146E+00
-3.918600E-03,-207.263090E-03
-3.914400E-03,-248.870543E-03
-3.910200E-03,-193.195125E-03
-3.906000E-03,-175.502516E-03
-3.901800E-03,+7.301884338E+00
-3.897600E-03,+7.301884338E+00
-3.893400E-03,+7.221482329E+00
-3.889200E-03,+7.141080320E+00
-3.885000E-03,+7.060678311E+00
-3.880800E-03,+6.980276302E+00
-3.876600E-03,-255.904526E-03
-3.872400E-03,-254.930429E-03
-3.868200E-03,-288.801545E-03
-3.864000E-03,-223.981602E-03
-3.859800E-03,+7.301884338E+00
-3.855600E-03,+7.301884338E+00
-3.851400E-03,+7.221482329E+00
-3.847200E-03,+7.208063762E+00
-3.843000E-03,+7.060678311E+00
-3.838800E-03,+7.060678311E+00
-3.834600E-03,-236.263723E-03
-3.830400E-03,-180.588306E-03
-3.826200E-03,-226.092145E-03
-3.822000E-03,-230.041488E-03
-3.817800E-03,+7.381149901E+00
-3.813600E-03,+7.301884338E+00
-3.809400E-03,+7.189397057E+00
-3.805200E-03,+7.221482329E+00
-3.801000E-03,+7.141080320E+00
-3.796800E-03,+7.022370803E+00
-3.792600E-03,-309.144702E-03
-3.788400E-03,-175.502516E-03
-3.784200E-03,-175.502516E-03
-3.780000E-03,-114.903659E-03
-3.775800E-03,+7.221482329E+00
-3.771600E-03,+7.301884338E+00
-3.767400E-03,+7.195456942E+00
-3.763200E-03,+7.221482329E+00
-3.759000E-03,+7.117652524E+00
-3.754800E-03,+7.060678311E+00
-3.750600E-03,-255.904526E-03
-3.746400E-03,-192.708077E-03
-3.742200E-03,-175.502516E-03
-3.738000E-03,-242.161260E-03
-3.733800E-03,+7.301884338E+00
-3.729600E-03,+7.221482329E+00
-3.725400E-03,+7.221482329E+00
-3.721200E-03,+7.216721239E+00
-3.717000E-03,+7.141080320E+00
-3.712800E-03,+7.060678311E+00
-3.708600E-03,-255.904526E-03
-3.704400E-03,-175.502516E-03
-3.700200E-03,-207.912488E-03
-3.696000E-03,-255.904526E-03
-3.691800E-03,+7.284841127E+00
-3.687600E-03,+7.260114536E+00
-3.683400E-03,+7.301884338E+00
-3.679200E-03,+7.210661353E+00
-3.675000E-03,+7.141080320E+00
-3.670800E-03,+7.080806161E+00
-3.666600E-03,-255.904526E-03
-3.662400E-03,-255.904526E-03
-3.658200E-03,-201.852602E-03
-3.654000E-03,-175.502516E-03
-3.649800E-03,+7.278781241E+00
-3.645600E-03,+7.269312017E+00
-3.641400E-03,+7.229328059E+00
-3.637200E-03,+7.221482329E+00
-3.633000E-03,+7.141080320E+00
-3.628800E-03,+7.060678311E+00
-3.624600E-03,-245.245899E-03
-3.620400E-03,-220.519308E-03
-3.616200E-03,-175.502516E-03
-3.612000E-03,+4.678578850E+00
-3.607800E-03,+7.221482329E+00
-3.603600E-03,+7.194969894E+00
-3.599400E-03,+7.219696485E+00
-3.595200E-03,+7.083619058E+00
-3.591000E-03,+7.013010972E+00
-3.586800E-03,+6.980276302E+00
-3.582600E-03,-239.186013E-03
-3.578400E-03,-216.947620E-03
-3.574200E-03,-255.904526E-03
-3.570000E-03,+2.261118523E+00
-3.565800E-03,+7.266661470E+00
-3.561600E-03,+7.281431789E+00
-3.557400E-03,+7.225756371E+00
-3.553200E-03,+7.089678944E+00
-3.549000E-03,+7.114405535E+00
-3.544800E-03,+6.980276302E+00
-3.540600E-03,-198.280915E-03
-3.536400E-03,-175.502516E-03
-3.532200E-03,-175.502516E-03
-3.528000E-03,+3.802161349E+00
-3.523800E-03,+7.343167093E+00
-3.519600E-03,+7.169865647E+00
-3.515400E-03,+7.301884338E+00
-3.511200E-03,+7.176140839E+00
-3.507000E-03,+7.060678311E+00
-3.502800E-03,+7.056566618E+00
-3.498600E-03,-227.066242E-03
-3.494400E-03,-229.067392E-03
-3.490200E-03,-177.613059E-03
-3.486000E-03,+7.221482329E+00
-3.481800E-03,+7.221482329E+00
-3.477600E-03,+7.293551560E+00
-3.473400E-03,+7.221482329E+00
-3.469200E-03,+7.180361924E+00
-3.465000E-03,+7.141080320E+00
-3.460800E-03,+7.050506732E+00
-3.456600E-03,-255.904526E-03
-3.452400E-03,-175.502516E-03
-3.448200E-03,-255.904526E-03
-3.444000E-03,+7.301884338E+00
-3.439800E-03,+7.248481812E+00
-3.435600E-03,+7.301884338E+00
-3.431400E-03,+7.221482329E+00
-3.427200E-03,+7.188260611E+00
-3.423000E-03,+7.141080320E+00
-3.418800E-03,+7.060678311E+00
-3.414600E-03,-254.390424E-03
-3.410400E-03,-175.502516E-03
-3.406200E-03,-175.502516E-03
-3.402000E-03,+7.301884338E+00
-3.397800E-03,+7.242421927E+00
-3.393600E-03,+7.221482329E+00
-3.389400E-03,+7.249995914E+00
-3.385200E-03,+7.221482329E+00
-3.381000E-03,+7.060678311E+00
-3.376800E-03,+4.853834670E+00
-3.372600E-03,-175.502516E-03
-3.368400E-03,-255.904526E-03
-3.364200E-03,-191.571631E-03
-3.360000E-03,+7.261088632E+00
-3.355800E-03,+7.236362041E+00
-3.351600E-03,+7.292037459E+00
-3.347400E-03,+7.221482329E+00
-3.343200E-03,+7.141080320E+00
-3.339000E-03,+7.141080320E+00
-3.334800E-03,-1.031573382E+00
-3.330600E-03,-228.580343E-03
-3.326400E-03,-253.306935E-03
-3.322200E-03,-175.502516E-03
-3.318000E-03,+7.221482329E+00
-3.313800E-03,+7.293064512E+00
-3.309600E-03,+7.237389094E+00
-3.305400E-03,+7.181713676E+00
-3.301200E-03,+7.156122381E+00
-3.297000E-03,-899.120599E-03
-3.292800E-03,-140.435040E-03
-3.288600E-03,+1.754145704E+00
-3.284400E-03,+1.831085418E+00
-3.280200E-03,+1.862736600E+00
-3.276000E-03,+6.337060228E+00
-3.271800E-03,+6.095854200E+00
-3.267600E-03,+6.037418842E+00
-3.263400E-03,+5.981743424E+00
-3.259200E-03,+5.935050182E+00
-3.255000E-03,+5.823159341E+00
-3.250800E-03,-335.766530E-03
-3.246600E-03,+1.593341686E+00
-3.242400E-03,+1.583819505E+00
-3.238200E-03,+1.512939677E+00
-3.234000E-03,+5.709966226E+00
-3.229800E-03,+5.693844154E+00
-3.225600E-03,+5.585415608E+00
-3.221400E-03,+5.505391255E+00
-3.217200E-03,+5.375158407E+00
-3.213000E-03,+5.270029807E+00
-3.208800E-03,+564.883557E-03
-3.204600E-03,+1.191331640E+00
-3.200400E-03,+1.175749573E+00
-3.196200E-03,+1.110929631E+00
-3.192000E-03,+5.437271367E+00
-3.187800E-03,+5.131030090E+00
-3.183600E-03,+5.016541658E+00
-3.179400E-03,+4.889824063E+00
-3.175200E-03,+4.809422053E+00
-3.171000E-03,+4.701155857E+00
-3.166800E-03,+1.107897948E+00
-3.162600E-03,+708.919585E-03
-3.158400E-03,+708.919585E-03
-3.154200E-03,+662.551041E-03
-3.150000E-03,+4.729020044E+00
-3.145800E-03,+4.487814017E+00
-3.141600E-03,+4.447667708E+00
-3.137400E-03,+4.327009998E+00
-3.133200E-03,+4.246607989E+00
-3.129000E-03,+4.085803971E+00
-3.124800E-03,+621.914206E-03
-3.120600E-03,+306.909539E-03
-3.116400E-03,+226.507530E-03
-3.112200E-03,+226.507530E-03
-3.108000E-03,+4.005401962E+00
-3.103800E-03,+3.924999952E+00
-3.099600E-03,+3.890804137E+00
-3.095400E-03,+3.764195934E+00
-3.091200E-03,+3.618649283E+00
-3.087000E-03,+3.563407957E+00
-3.082800E-03,+50.012052E-03
-3.078600E-03,-95.100507E-03
-3.074400E-03,-141.740793E-03
-3.070200E-03,-153.588822E-03
-3.066000E-03,+3.362185888E+00
-3.061800E-03,+3.309323367E+00
-3.057600E-03,+3.305914029E+00
-3.053400E-03,+3.043987189E+00
-3.049200E-03,+3.040577851E+00
-3.045000E-03,+3.006219687E+00
-3.040800E-03,-738.316581E-03
-3.036600E-03,-497.110553E-03
-3.032400E-03,-497.110553E-03
-3.028200E-03,-577.512562E-03
-3.024000E-03,+2.736715380E+00
-3.019800E-03,+2.638567805E+00
-3.015600E-03,+2.638567805E+00
-3.011400E-03,+2.558165796E+00
-3.007200E-03,+2.397361778E+00
-3.003000E-03,+2.345258047E+00
-2.998800E-03,-818.718590E-03
-2.994600E-03,-797.563686E-03
-2.990400E-03,-818.718590E-03
-2.986200E-03,-738.316581E-03
-2.982000E-03,+2.141223081E+00
-2.977800E-03,+2.116496490E+00
-2.973600E-03,+2.011367890E+00
-2.969400E-03,+1.986641298E+00
-2.965200E-03,+1.881512698E+00
-2.961000E-03,+1.754145704E+00
-2.956800E-03,-896.632401E-03
-2.952600E-03,-818.718590E-03
-2.948400E-03,-847.179218E-03
-2.944200E-03,-98.834544E-03
-2.940000E-03,-175.502516E-03
-2.935800E-03,-129.783371E-03
-2.931600E-03,-175.502516E-03
-2.927400E-03,-95.100507E-03
-2.923200E-03,-175.502516E-03
-2.919000E-03,-175.502516E-03
-2.914800E-03,-23.246582E-03
-2.910600E-03,-175.502516E-03
-2.906400E-03,-117.501250E-03
-2.902200E-03,-95.100507E-03
-2.898000E-03,-122.152947E-03
-2.893800E-03,-146.879539E-03
-2.889600E-03,-98.996893E-03
-2.885400E-03,-95.100507E-03
-2.881200E-03,-140.657304E-03
-2.877000E-03,-165.383895E-03
-2.872800E-03,-95.100507E-03
-2.868600E-03,-95.100507E-03
-2.864400E-03,-95.100507E-03
-2.860200E-03,-167.116782E-03
-2.856000E-03,-95.100507E-03
-2.851800E-03,-152.939424E-03
-2.847600E-03,-175.502516E-03
-2.843400E-03,-121.990598E-03
-2.839200E-03,-117.931862E-03
-2.835000E-03,-95.100507E-03
-2.830800E-03,-154.834661E-03
-2.826600E-03,-95.100507E-03
-2.822400E-03,-95.100507E-03
-2.818200E-03,-29.144118E-03
-2.814000E-03,-175.502516E-03
-2.809800E-03,-95.100507E-03
-2.805600E-03,-95.100507E-03
-2.801400E-03,-62.150531E-03
-2.797200E-03,-95.100507E-03
-2.793000E-03,-93.099357E-03
-2.788800E-03,-148.774775E-03
-2.784600E-03,-43.646174E-03
-2.780400E-03,-171.281431E-03
-2.776200E-03,-95.100507E-03
-2.772000E-03,-140.332605E-03
-2.767800E-03,-165.059196E-03
-2.763600E-03,-161.219245E-03
-2.759400E-03,-56.090645E-03
-2.755200E-03,-78.434952E-03
-2.751000E-03,-30.820570E-03
-2.746800E-03,-109.927262E-03
-2.742600E-03,-72.212716E-03
-2.738400E-03,-95.100507E-03
-2.734200E-03,-95.100507E-03
-2.730000E-03,-95.100507E-03
-2.725800E-03,-99.483942E-03
-2.721600E-03,-155.159360E-03
-2.717400E-03,-175.502516E-03
-2.713200E-03,-95.100507E-03
-2.709000E-03,-109.221429E-03
-2.704800E-03,-136.655003E-03
-2.700600E-03,-95.100507E-03
-2.696400E-03,-95.100507E-03
-2.692200E-03,-142.877239E-03
-2.688000E-03,-152.452376E-03
-2.683800E-03,-172.149614E-03
-2.679600E-03,-175.502516E-03
-2.675400E-03,-65.828132E-03
-2.671200E-03,-170.956732E-03
-2.667000E-03,-95.100507E-03
-2.662800E-03,-175.502516E-03
-2.658600E-03,-95.100507E-03
-2.654400E-03,-161.543944E-03
-2.650200E-03,-95.100507E-03
-2.646000E-03,-78.110253E-03
-2.641800E-03,-102.836844E-03
-2.637600E-03,-95.100507E-03
-2.633400E-03,-95.100507E-03
-2.629200E-03,-96.614609E-03
-2.625000E-03,-95.100507E-03
-2.620800E-03,-95.100507E-03
-2.616600E-03,-19.406631E-03
-2.612400E-03,-155.484058E-03
-2.608200E-03,-59.443547E-03
-2.604000E-03,-95.100507E-03
-2.599800E-03,-108.896730E-03
-2.595600E-03,-95.100507E-03
-2.591400E-03,-95.100507E-03
-2.587200E-03,-95.100507E-03
-2.583000E-03,-175.502516E-03
-2.578800E-03,-118.475346E-03
-2.574600E-03,-17.402003E-03
-2.570400E-03,-123.345829E-03
-2.566200E-03,-73.892646E-03
-2.562000E-03,-95.100507E-03
-2.557800E-03,-95.100507E-03
-2.553600E-03,-95.100507E-03
-2.549400E-03,-95.100507E-03
-2.545200E-03,-161.868643E-03
-2.541000E-03,-95.100507E-03
-2.536800E-03,-32.013451E-03
-2.532600E-03,-95.100507E-03
-2.528400E-03,-143.364287E-03
-2.524200E-03,-118.637696E-03
-2.520000E-03,-175.502516E-03
-2.515800E-03,-95.100507E-03
-2.511600E-03,-95.100507E-03
-2.507400E-03,-19.731330E-03
-2.503200E-03,-95.100507E-03
-2.499000E-03,-95.100507E-03
-2.494800E-03,-95.100507E-03
-2.490600E-03,-95.100507E-03
-2.486400E-03,-137.304401E-03
-2.482200E-03,-158.025214E-03
-2.478000E-03,-95.100507E-03
-2.473800E-03,-127.076387E-03
-2.469600E-03,-95.100507E-03
-2.465400E-03,-16.752605E-03
-2.461200E-03,-120.854152E-03
-2.457000E-03,-95.100507E-03
-2.452800E-03,-95.100507E-03
-2.448600E-03,-95.100507E-03
-2.444400E-03,-95.100507E-03
-2.440200E-03,-152.667683E-03
-2.436000E-03,-81.791333E-03
-2.431800E-03,-137.466751E-03
-2.427600E-03,-95.100507E-03
-2.423400E-03,-88.013568E-03
-2.419200E-03,-95.100507E-03
-2.415000E-03,-118.962394E-03
-2.410800E-03,-174.637812E-03
-2.406600E-03,-95.100507E-03
-2.402400E-03,-95.100507E-03
-2.398200E-03,-170.144985E-03
-2.394000E-03,-95.100507E-03
-2.389800E-03,-95.100507E-03
-2.385600E-03,-37.858031E-03
-2.381400E-03,-162.355691E-03
-2.377200E-03,-132.973923E-03
-2.373000E-03,-95.100507E-03
-2.368800E-03,-95.100507E-03
-2.364600E-03,-143.851335E-03
-2.360400E-03,-207.856052E-03
-2.356200E-03,-174.800162E-03
-2.352000E-03,-175.502516E-03
-2.347800E-03,-95.100507E-03
-2.343600E-03,-100.620388E-03
-2.339400E-03,-95.100507E-03
-2.335200E-03,-95.100507E-03
-2.331000E-03,-95.100507E-03
-2.326800E-03,-108.084983E-03
-2.322600E-03,-132.811574E-03
-2.318400E-03,-95.100507E-03
-2.314200E-03,-101.862748E-03
-2.310000E-03,-95.100507E-03
-2.305800E-03,-38.885084E-03
-2.301600E-03,-95.100507E-03
-2.297400E-03,-69.833911E-03
-2.293200E-03,-125.509328E-03
-2.289000E-03,-26.062958E-03
-2.284800E-03,-95.100507E-03
-2.280600E-03,-131.731564E-03
-2.276400E-03,-163.598051E-03
-2.272200E-03,-95.100507E-03
-2.268000E-03,-95.100507E-03
-2.263800E-03,-95.100507E-03
-2.259600E-03,-101.700398E-03
-2.255400E-03,-63.774025E-03
-2.251200E-03,+7.889047338E+00
-2.247000E-03,-818.340934E-03
-2.242800E-03,-874.016352E-03
-2.238600E-03,-788.147419E-03
-2.234400E-03,-744.161160E-03
-2.230200E-03,-757.198593E-03
-2.226000E-03,-738.316581E-03
-2.221800E-03,+938.058798E-03
-2.217600E-03,+1.110929631E+00
-2.213400E-03,+1.153945272E+00
-2.209200E-03,+1.253444599E+00
-2.205000E-03,-738.316581E-03
-2.200800E-03,-818.718590E-03
-2.196600E-03,-762.827866E-03
-2.192400E-03,-818.718590E-03
-2.188200E-03,-818.718590E-03
-2.184000E-03,+1.271733649E+00
-2.179800E-03,+1.512939677E+00
-2.175600E-03,+1.512939677E+00
-2.171400E-03,+1.636787940E+00
-2.167200E-03,+1.741916540E+00
-2.163000E-03,-806.221163E-03
-2.158800E-03,-781.494571E-03
-2.154600E-03,-738.316581E-03
-2.150400E-03,-818.718590E-03
-2.146200E-03,+1.741542363E+00
-2.142000E-03,+1.995351732E+00
-2.137800E-03,+2.236504802E+00
-2.133600E-03,+2.156155750E+00
-2.129400E-03,+2.205661890E+00
-2.125200E-03,+2.162325028E+00
-2.121000E-03,-738.316581E-03
-2.116800E-03,-738.316581E-03
-2.112600E-03,-793.935563E-03
-2.108400E-03,-806.383512E-03
-2.104200E-03,+2.477763787E+00
-2.100000E-03,+2.619954057E+00
-2.095800E-03,+2.638567805E+00
-2.091600E-03,+2.718969814E+00
-2.087400E-03,+2.799371824E+00
-2.083200E-03,+2.799371824E+00
-2.079000E-03,-738.316581E-03
-2.074800E-03,-657.914571E-03
-2.070600E-03,-577.512562E-03
-2.066400E-03,+3.373758697E+00
-2.062200E-03,+3.120979860E+00
-2.058000E-03,+3.213935733E+00
-2.053800E-03,+3.281783879E+00
-2.049600E-03,+3.281783879E+00
-2.045400E-03,+3.362185888E+00
-2.041200E-03,+3.287734372E+00
-2.037000E-03,-336.306535E-03
-2.032800E-03,-255.904526E-03
-2.028600E-03,-175.774258E-03
-2.024400E-03,+3.568557139E+00
-2.020200E-03,+3.683793925E+00
-2.016000E-03,+3.764195934E+00
-2.011800E-03,+3.782428548E+00
-2.007600E-03,+3.887557149E+00
-2.003400E-03,+3.844597943E+00
-1.999200E-03,+3.924999952E+00
-1.995000E-03,+28.966541E-03
-1.990800E-03,+127.167073E-03
-1.986600E-03,+220.719386E-03
-1.982400E-03,+3.553504642E+00
-1.978200E-03,+4.246607989E+00
-1.974000E-03,+4.327444090E+00
-1.969800E-03,+4.407412007E+00
-1.965600E-03,+4.456431099E+00
-1.961400E-03,+4.487814017E+00
-1.957200E-03,+4.505884281E+00
-1.953000E-03,+467.713557E-03
-1.948800E-03,+548.115566E-03
-1.944600E-03,+616.669546E-03
-1.940400E-03,+4.436733861E+00
-1.936200E-03,+4.889824063E+00
-1.932000E-03,+4.964600277E+00
-1.927800E-03,+4.970226072E+00
-1.923600E-03,+4.970226072E+00
-1.919400E-03,+5.050628081E+00
-1.915200E-03,+3.136716543E+00
-1.911000E-03,-143.957249E-03
-1.906800E-03,-168.683840E-03
-1.902600E-03,-193.410432E-03
-1.898400E-03,+7.297017334E+00
-1.894200E-03,+7.369245436E+00
-1.890000E-03,+7.301884338E+00
-1.885800E-03,+7.185070058E+00
-1.881600E-03,+7.141080320E+00
-1.877400E-03,+7.066141756E+00
-1.873200E-03,-929.310635E-03
-1.869000E-03,-120.585889E-03
-1.864800E-03,-176.261307E-03
-1.860600E-03,-175.502516E-03
-1.856400E-03,+7.301884338E+00
-1.852200E-03,+7.221482329E+00
-1.848000E-03,+7.141080320E+00
-1.843800E-03,+7.103150468E+00
-1.839600E-03,+7.127877059E+00
-1.835400E-03,+6.980276302E+00
-1.831200E-03,-520.817048E-03
-1.827000E-03,-175.502516E-03
-1.822800E-03,-180.803612E-03
-1.818600E-03,-145.474829E-03
-1.814400E-03,+7.276236607E+00
-1.810200E-03,+7.222403469E+00
-1.806000E-03,+7.254273435E+00
-1.801800E-03,+7.238144406E+00
-1.797600E-03,+7.126793570E+00
-1.793400E-03,+7.060678311E+00
-1.789200E-03,-260.122132E-03
-1.785000E-03,-175.502516E-03
-1.780800E-03,-255.904526E-03
-1.776600E-03,-175.502516E-03
-1.772400E-03,+7.362698502E+00
-1.768200E-03,+7.301884338E+00
-1.764000E-03,+7.301884338E+00
-1.759800E-03,+7.141080320E+00
-1.755600E-03,+7.061761800E+00
-1.751400E-03,+6.980276302E+00
-1.747200E-03,-255.904526E-03
-1.743000E-03,-175.502516E-03
-1.738800E-03,-238.483658E-03
-1.734600E-03,-213.757067E-03
-1.730400E-03,+7.315412298E+00
-1.726200E-03,+7.301884338E+00
-1.722000E-03,+7.301884338E+00
-1.717800E-03,+7.201732134E+00
-1.713600E-03,+7.141080320E+00
-1.709400E-03,+7.060678311E+00
-1.705200E-03,-201.474946E-03
-1.701000E-03,-254.658687E-03
-1.696800E-03,-118.581260E-03
-1.692600E-03,-207.697181E-03
-1.688400E-03,+7.294416265E+00
-1.684200E-03,+7.301884338E+00
-1.680000E-03,+7.259899229E+00
-1.675800E-03,+7.207792020E+00
-1.671600E-03,+7.141080320E+00
-1.667400E-03,+7.096441184E+00
-1.663200E-03,-296.481446E-03
-1.659000E-03,-180.316564E-03
-1.654800E-03,-226.363887E-03
-1.650600E-03,-147.370066E-03
-1.646400E-03,+7.222890517E+00
-1.642200E-03,+7.221482329E+00
-1.638000E-03,+7.221482329E+00
-1.633800E-03,+7.221482329E+00
-1.629600E-03,+7.077774479E+00
-1.625400E-03,+7.141080320E+00
-1.621200E-03,-189.355175E-03
-1.617000E-03,-175.502516E-03
-1.612800E-03,-255.904526E-03
-1.608600E-03,-175.502516E-03
-1.604400E-03,+7.221482329E+00
-1.600200E-03,+7.221482329E+00
-1.596000E-03,+7.275587210E+00
-1.591800E-03,+7.141080320E+00
-1.587600E-03,+7.141080320E+00
-1.583400E-03,+7.060678311E+00
-1.579200E-03,-255.904526E-03
-1.575000E-03,-175.502516E-03
-1.570800E-03,-175.502516E-03
-1.566600E-03,-175.502516E-03
-1.562400E-03,+7.301884338E+00
-1.558200E-03,+7.266446163E+00
-1.554000E-03,+7.281647095E+00
-1.549800E-03,+7.141080320E+00
-1.545600E-03,+7.089894250E+00
-1.541400E-03,+7.034218833E+00
-1.537200E-03,-334.573648E-03
-1.533000E-03,-232.910821E-03
-1.528800E-03,-223.222812E-03
-1.524600E-03,-175.502516E-03
-1.520400E-03,+7.221482329E+00
-1.516200E-03,+7.221482329E+00
-1.512000E-03,+7.207304972E+00
-1.507800E-03,+7.060678311E+00
-1.503600E-03,+7.060678311E+00
-1.499400E-03,+6.959876709E+00
-1.495200E-03,-255.904526E-03
-1.491000E-03,-204.556107E-03
-1.486800E-03,-255.904526E-03
-1.482600E-03,-646.543154E-03
-1.478400E-03,+7.279052983E+00
-1.474200E-03,+7.254326392E+00
-1.470000E-03,+7.221482329E+00
-1.465800E-03,+7.141080320E+00
-1.461600E-03,+7.099744609E+00
-1.457400E-03,+6.965936595E+00
-1.453200E-03,-105.487392E-03
-1.449000E-03,-175.502516E-03
-1.444800E-03,-196.064458E-03
-1.440600E-03,-818.718590E-03
-1.436400E-03,+7.301884338E+00
-1.432200E-03,+7.275100161E+00
-1.428000E-03,+7.145195491E+00
-1.423800E-03,+7.141080320E+00
-1.419600E-03,+7.093684723E+00
-1.415400E-03,+6.980276302E+00
-1.411200E-03,-239.457755E-03
-1.407000E-03,-216.675878E-03
-1.402800E-03,-109.602563E-03
-1.398600E-03,+3.044760670E+00
-1.394400E-03,+7.266933212E+00
-1.390200E-03,+7.242206620E+00
-1.386000E-03,+7.221482329E+00
-1.381800E-03,+7.141080320E+00
-1.377600E-03,+7.141080320E+00
-1.373400E-03,+7.062898246E+00
-1.369200E-03,-220.515829E-03
-1.365000E-03,-255.904526E-03
-1.360800E-03,-255.904526E-03
-1.356600E-03,+7.301884338E+00
-1.352400E-03,+7.341275335E+00
-1.348200E-03,+7.301884338E+00
-1.344000E-03,+7.281759967E+00
-1.339800E-03,+7.221482329E+00
-1.335600E-03,+7.141080320E+00
-1.331400E-03,+7.060678311E+00
-1.327200E-03,-204.069058E-03
-1.323000E-03,-255.904526E-03
-1.318800E-03,-251.139956E-03
-1.314600E-03,+7.243826636E+00
-1.310400E-03,+7.301884338E+00
-1.306200E-03,+7.221482329E+00
-1.302000E-03,+7.221482329E+00
-1.297800E-03,+7.221482329E+00
-1.293600E-03,+7.141080320E+00
-1.289400E-03,+7.070578147E+00
-1.285200E-03,-290.530953E-03
-1.281000E-03,-196.551506E-03
-1.276800E-03,-252.226924E-03
-1.272600E-03,+7.221482329E+00
-1.268400E-03,+7.221482329E+00
-1.264200E-03,+7.224026963E+00
-1.260000E-03,+7.221482329E+00
-1.255800E-03,+7.187988869E+00
-1.251600E-03,+7.069445180E+00
-1.247400E-03,+6.103094981E+00
-1.243200E-03,-175.502516E-03
-1.239000E-03,-240.915421E-03
-1.234800E-03,-175.502516E-03
-1.230600E-03,+7.301884338E+00
-1.226400E-03,+7.280672999E+00
-1.222200E-03,+7.298369086E+00
-1.218000E-03,+7.221482329E+00
-1.213800E-03,+7.141080320E+00
-1.209600E-03,-901.827582E-03
-1.205400E-03,+4.711647880E+00
-1.201200E-03,+1.847638103E+00
-1.197000E-03,+1.834547713E+00
-1.192800E-03,+1.850345086E+00
-1.188600E-03,+6.016098110E+00
-1.184400E-03,+6.095854200E+00
-1.180200E-03,+6.086279063E+00
-1.176000E-03,+5.935050182E+00
-1.171800E-03,+5.854648173E+00
-1.167600E-03,+5.774246164E+00
-1.163400E-03,+472.774220E-03
-1.159200E-03,+1.593341686E+00
-1.155000E-03,+1.590472353E+00
-1.150800E-03,+1.454394926E+00
-1.146600E-03,+5.499221977E+00
-1.142400E-03,+5.551223272E+00
-1.138200E-03,+5.517405113E+00
-1.134000E-03,+5.452638127E+00
-1.129800E-03,+5.291834109E+00
-1.125600E-03,+5.211432099E+00
-1.121400E-03,-623.775192E-03
-1.117200E-03,+1.169795601E+00
-1.113000E-03,+1.110929631E+00
-1.108800E-03,+1.083012486E+00
-1.104600E-03,+5.075513543E+00
-1.100400E-03,+5.047596399E+00
-1.096200E-03,+4.948531163E+00
-1.092000E-03,+4.809422053E+00
-1.087800E-03,+4.738273962E+00
-1.083600E-03,+4.713547370E+00
-1.079400E-03,-255.914962E-03
-1.075200E-03,+693.443432E-03
-1.071000E-03,+628.517576E-03
-1.066800E-03,+628.517576E-03
-1.062600E-03,+4.729020044E+00
-1.058400E-03,+4.487814017E+00
-1.054200E-03,+4.354764793E+00
-1.050000E-03,+4.274528612E+00
-1.045800E-03,+4.246607989E+00
-1.041600E-03,+4.085803971E+00
-1.037400E-03,-12.492478E-03
-1.033200E-03,+306.909539E-03
-1.029000E-03,+226.507530E-03
-1.024800E-03,+186.470614E-03
-1.020600E-03,+3.924999952E+00
-1.016400E-03,+3.924999952E+00
-1.012200E-03,+3.810783263E+00
-1.008000E-03,+3.742335197E+00
-1.003800E-03,+3.525855760E+00
-999.600E-06,+3.495397461E+00
-995.400E-06,-472.874489E-03
-991.200E-06,-95.100507E-03
-987.000E-06,-175.502516E-03
-982.800E-06,-175.502516E-03
-978.600E-06,+3.442587897E+00
-974.400E-06,+3.362185888E+00
-970.200E-06,+3.281783879E+00
-966.000E-06,+3.201381870E+00
-961.800E-06,+3.049503591E+00
-957.600E-06,+3.006925520E+00
-953.400E-06,-774.672416E-03
-949.200E-06,-497.110553E-03
-945.000E-06,-603.054380E-03
-940.800E-06,-657.914571E-03
-936.600E-06,+2.883292563E+00
-932.400E-06,+2.778163963E+00
-928.200E-06,+2.764904267E+00
-924.000E-06,+2.628826840E+00
-919.800E-06,+2.543180171E+00
-915.600E-06,+2.438051570E+00
-911.400E-06,-738.316581E-03
-907.200E-06,-747.079971E-03
-903.000E-06,-832.140636E-03
-898.800E-06,-760.502017E-03
-894.600E-06,+2.236557759E+00
-890.400E-06,+2.183423497E+00
-886.200E-06,+2.127748079E+00
-882.000E-06,+1.999032812E+00
-877.800E-06,+1.935995234E+00
-873.600E-06,+1.869177620E+00
-869.400E-06,-748.219896E-03
-865.200E-06,-884.297323E-03
-861.000E-06,-134.650375E-03
-856.800E-06,-95.100507E-03
-852.600E-06,-166.901475E-03
-848.400E-06,-95.100507E-03
-844.200E-06,-117.448293E-03
-840.000E-06,-97.479313E-03
-835.800E-06,-95.100507E-03
-831.600E-06,-95.100507E-03
-827.400E-06,-252.061096E-03
-823.200E-06,-175.502516E-03
-819.000E-06,-175.502516E-03
-814.800E-06,-34.829827E-03
-810.600E-06,-109.761434E-03
-806.400E-06,-136.114998E-03
-802.200E-06,-111.388407E-03
-798.000E-06,-175.502516E-03
-793.800E-06,-128.265790E-03
-789.600E-06,-72.590372E-03
-785.400E-06,-97.316963E-03
-781.200E-06,-95.100507E-03
-777.000E-06,-95.100507E-03
-772.800E-06,-99.106286E-03
-768.600E-06,-154.781704E-03
-764.400E-06,-140.547911E-03
-760.200E-06,-105.328521E-03
-756.000E-06,-146.505362E-03
-751.800E-06,-95.100507E-03
-747.600E-06,-175.502516E-03
-743.400E-06,-95.100507E-03
-739.200E-06,-175.502516E-03
-735.000E-06,-37.370982E-03
-730.800E-06,-95.100507E-03
-726.600E-06,-95.100507E-03
-722.400E-06,-123.995227E-03
-718.200E-06,-95.100507E-03
-714.000E-06,-95.100507E-03
-709.800E-06,-130.217462E-03
-705.600E-06,-95.100507E-03
-701.400E-06,-161.166288E-03
-697.200E-06,-134.163326E-03
-693.000E-06,-95.100507E-03
-688.800E-06,-167.388524E-03
-684.600E-06,-142.661932E-03
-680.400E-06,-95.100507E-03
-676.200E-06,-16.590255E-03
-672.000E-06,-148.884168E-03
-667.800E-06,-43.755567E-03
-663.600E-06,-171.172039E-03
-659.400E-06,-95.100507E-03
-655.200E-06,-95.100507E-03
-651.000E-06,-105.653220E-03
-646.800E-06,-161.328638E-03
-642.600E-06,-95.100507E-03
-638.400E-06,-158.727568E-03
-634.200E-06,-103.052150E-03
-630.000E-06,-47.376733E-03
-625.800E-06,-72.103324E-03
-621.600E-06,-175.502516E-03
-617.400E-06,-68.644508E-03
-613.200E-06,-95.100507E-03
-609.000E-06,-95.100507E-03
-604.800E-06,-95.100507E-03
-600.600E-06,-50.140152E-03
-596.400E-06,-164.787454E-03
-592.200E-06,-95.100507E-03
-588.000E-06,-95.100507E-03
-583.800E-06,-78.163210E-03
-579.600E-06,-22.487792E-03
-575.400E-06,-95.100507E-03
-571.200E-06,-95.100507E-03
-567.000E-06,-95.100507E-03
-562.800E-06,-149.208866E-03
-558.600E-06,-95.100507E-03
-554.400E-06,-95.100507E-03
-550.200E-06,-95.100507E-03
-546.000E-06,-50.302501E-03
-541.800E-06,-164.625105E-03
-537.600E-06,-95.100507E-03
-533.400E-06,-53.274269E-03
-529.200E-06,-78.000860E-03
-525.000E-06,-95.100507E-03
-520.800E-06,-127.454043E-03
-516.600E-06,-95.100507E-03
-512.400E-06,-17.507916E-03
-508.200E-06,-95.100507E-03
-504.000E-06,-124.644624E-03
-499.800E-06,-95.100507E-03
-495.600E-06,-95.100507E-03
-491.400E-06,-130.866860E-03
-487.200E-06,-36.778020E-03
-483.000E-06,-95.100507E-03
-478.800E-06,-95.100507E-03
-474.600E-06,-95.100507E-03
-470.400E-06,-168.037921E-03
-466.200E-06,-79.080871E-03
-462.000E-06,-175.502516E-03
-457.800E-06,-95.100507E-03
-453.600E-06,-95.100507E-03
-449.400E-06,-95.100507E-03
-445.200E-06,-100.080383E-03
-441.000E-06,-175.502516E-03
-436.800E-06,-59.171805E-03
-432.600E-06,-106.302618E-03
-428.400E-06,-95.100507E-03
-424.200E-06,-95.100507E-03
-420.000E-06,-95.100507E-03
-415.800E-06,-22.000743E-03
-411.600E-06,-95.100507E-03
-407.400E-06,-95.100507E-03
-403.200E-06,-96.180517E-03
-399.000E-06,-95.100507E-03
-394.800E-06,-145.633700E-03
-390.600E-06,-89.958282E-03
-386.400E-06,-95.100507E-03
-382.200E-06,-95.100507E-03
-378.000E-06,-95.100507E-03
-373.800E-06,-95.100507E-03
-369.600E-06,-137.413794E-03
-365.400E-06,-112.687202E-03
-361.200E-06,-102.240403E-03
-357.000E-06,-63.234020E-03
-352.800E-06,-95.100507E-03
-348.600E-06,-96.018168E-03
-344.400E-06,-120.744759E-03
-340.200E-06,-125.131673E-03
-336.000E-06,-100.405081E-03
-331.800E-06,-34.120515E-03
-327.600E-06,-95.100507E-03
-323.400E-06,-83.573698E-03
-319.200E-06,-162.302734E-03
-315.000E-06,-137.576143E-03
-310.800E-06,-95.100507E-03
-306.600E-06,-95.100507E-03
-302.400E-06,-143.798378E-03
-298.200E-06,-95.100507E-03
-294.000E-06,-95.100507E-03
-289.800E-06,-175.502516E-03
-285.600E-06,-95.100507E-03
-281.400E-06,-95.100507E-03
-277.200E-06,-156.242849E-03
-273.000E-06,-51.114248E-03
-268.800E-06,-163.813357E-03
-264.600E-06,-95.100507E-03
-260.400E-06,-132.864531E-03
-256.200E-06,-77.189113E-03
-252.000E-06,-168.687319E-03
-247.800E-06,-46.240287E-03
-243.600E-06,-95.100507E-03
-239.400E-06,-174.909554E-03
-235.200E-06,-120.420061E-03
-231.000E-06,-95.100507E-03
-226.800E-06,-95.100507E-03
-222.600E-06,-95.100507E-03
-218.400E-06,-51.276598E-03
-214.200E-06,-151.799500E-03
-210.000E-06,-95.100507E-03
-205.800E-06,-95.100507E-03
-201.600E-06,-95.100507E-03
-197.400E-06,-95.100507E-03
-193.200E-06,-224.525086E-03
-189.000E-06,-126.910559E-03
-184.800E-06,-95.531120E-03
-180.600E-06,-150.345312E-03
-176.400E-06,-95.100507E-03
-172.200E-06,-95.100507E-03
-168.000E-06,+6.771705213E+00
-163.800E-06,+1.154591191E+00
-159.600E-06,-806.704732E-03
-155.400E-06,-751.029314E-03
-151.200E-06,-818.718590E-03
-147.000E-06,-818.718590E-03
-142.800E-06,-818.718590E-03
-138.600E-06,-738.316581E-03
-134.400E-06,+950.125612E-03
-130.200E-06,+1.111197894E+00
-126.000E-06,+1.135924485E+00
-121.800E-06,+1.191331640E+00
-117.600E-06,-812.764618E-03
-113.400E-06,-738.316581E-03
-109.200E-06,-818.718590E-03
-105.000E-06,-750.492788E-03
-100.800E-06,-806.168206E-03
-96.600E-06,+1.395260692E+00
-92.400E-06,+1.574943243E+00
-88.200E-06,+1.673743695E+00
-84.000E-06,+1.754145704E+00
-79.800E-06,+1.729525027E+00
-75.600E-06,-818.612676E-03
-71.400E-06,-874.288094E-03
-67.200E-06,-818.718590E-03
-63.000E-06,-738.316581E-03
-58.800E-06,+2.057143471E+00
-54.600E-06,+2.119090602E+00
-50.400E-06,+2.224219203E+00
-46.200E-06,+2.168543785E+00
-42.000E-06,+2.236557759E+00
-37.800E-06,+2.316959769E+00
-33.600E-06,-812.552790E-03
-29.400E-06,-787.826199E-03
-25.200E-06,-738.316581E-03
-21.000E-06,-738.316581E-03
-16.800E-06,+2.582835952E+00
-12.600E-06,+2.669573068E+00
-8.400E-06,+2.786814482E+00
-4.200E-06,+2.879773833E+00
+0.0E+00,+2.836599321E+00
+4.200E-06,+2.892274739E+00
+8.400E-06,-738.316581E-03
+12.600E-06,-577.512562E-03
+16.800E-06,-515.833694E-03
+21.000E-06,+3.502622398E+00
+25.200E-06,+3.201381870E+00
+29.400E-06,+3.306729255E+00
+33.600E-06,+3.362185888E+00
+37.800E-06,+3.362185888E+00
+42.000E-06,+3.411420286E+00
+46.200E-06,+3.436146877E+00
+50.400E-06,-255.904526E-03
+54.600E-06,-212.892363E-03
+58.800E-06,-162.839261E-03
+63.000E-06,+5.315900091E+00
+67.200E-06,+3.764195934E+00
+71.400E-06,+3.844597943E+00
+75.600E-06,+3.924999952E+00
+79.800E-06,+3.924999952E+00
+84.000E-06,+3.924999952E+00
+88.200E-06,+4.005401962E+00
+92.400E-06,+226.507530E-03
+96.600E-06,+177.435481E-03
+100.800E-06,+306.909539E-03
+105.000E-06,+4.244303013E+00
+109.200E-06,+4.369859811E+00
+113.400E-06,+4.474988412E+00
+117.600E-06,+4.556315039E+00
+121.800E-06,+4.524441594E+00
+126.000E-06,+4.549168186E+00
+130.200E-06,+4.642939284E+00
+134.400E-06,+598.112233E-03
+138.600E-06,+708.919585E-03
+142.800E-06,+708.919585E-03
+147.000E-06,+4.246607989E+00
+151.200E-06,+4.938733761E+00
+155.400E-06,+4.976991791E+00
+159.600E-06,+5.050628081E+00
+163.800E-06,+5.173717554E+00
+168.000E-06,+7.141080320E+00
+172.200E-06,+6.896337393E+00
+176.400E-06,-175.502516E-03
+180.600E-06,-175.502516E-03
+184.800E-06,-175.502516E-03
+189.000E-06,+7.301884338E+00
+193.200E-06,+7.356853923E+00
+197.400E-06,+7.222188162E+00
+201.600E-06,+7.165101078E+00
+205.800E-06,+7.092332971E+00
+210.000E-06,+6.987204370E+00
+214.200E-06,-979.522608E-03
+218.400E-06,-213.379411E-03
+222.600E-06,-162.352213E-03
+226.800E-06,-175.502516E-03
+231.000E-06,+7.301884338E+00
+235.200E-06,+7.301884338E+00
+239.400E-06,+7.221482329E+00
+243.600E-06,+7.221482329E+00
+247.800E-06,+7.170292781E+00
+252.000E-06,+6.980276302E+00
+256.200E-06,-979.522608E-03
+260.400E-06,-175.502516E-03
+264.600E-06,-189.683352E-03
+268.800E-06,-175.502516E-03
+273.000E-06,+7.301884338E+00
+277.200E-06,+7.301884338E+00
+281.400E-06,+7.290470400E+00
+285.600E-06,+7.221482329E+00
+289.800E-06,+7.141080320E+00
+294.000E-06,+7.055486608E+00
+298.200E-06,-235.339105E-03
+302.400E-06,-230.147402E-03
+306.600E-06,-174.471984E-03
+310.800E-06,-175.502516E-03
+315.000E-06,+7.350306989E+00
+319.200E-06,+7.294631571E+00
+323.400E-06,+7.301884338E+00
+327.600E-06,+7.221482329E+00
+331.800E-06,+7.141080320E+00
+336.000E-06,+7.049426722E+00
+340.200E-06,-255.904526E-03
+344.400E-06,-175.502516E-03
+348.600E-06,-175.502516E-03
+352.800E-06,-175.502516E-03
+357.000E-06,+7.301884338E+00
+361.200E-06,+7.299498575E+00
+365.400E-06,+7.245016039E+00
+369.600E-06,+7.253624037E+00
+373.800E-06,+7.141080320E+00
+378.000E-06,+7.123768845E+00
+382.200E-06,-255.904526E-03
+386.400E-06,-242.267173E-03
+390.600E-06,-244.815286E-03
+394.800E-06,-255.904526E-03
+399.000E-06,+7.301884338E+00
+403.200E-06,+7.301884338E+00
+407.400E-06,+7.221482329E+00
+411.600E-06,+7.275802516E+00
+415.800E-06,+7.141080320E+00
+420.000E-06,+7.084049671E+00
+424.200E-06,-255.904526E-03
+428.400E-06,-175.502516E-03
+432.600E-06,-238.755401E-03
+436.800E-06,-217.378233E-03
+441.000E-06,+7.301884338E+00
+445.200E-06,+7.221482329E+00
+449.400E-06,+7.221482329E+00
+453.600E-06,+7.141080320E+00
+457.800E-06,+7.060678311E+00
+462.000E-06,+7.060678311E+00
+466.200E-06,-255.904526E-03
+470.400E-06,-255.904526E-03
+474.600E-06,-255.904526E-03
+478.800E-06,-255.904526E-03
+483.000E-06,+7.221482329E+00
+487.200E-06,+7.204495553E+00
+491.400E-06,+7.260170971E+00
+495.600E-06,+7.155042371E+00
+499.800E-06,+7.210717789E+00
+504.000E-06,+7.060678311E+00
+508.200E-06,-235.720239E-03
+512.400E-06,-255.904526E-03
+516.600E-06,-255.904526E-03
+520.800E-06,-201.909038E-03
+525.000E-06,+7.301884338E+00
+529.200E-06,+7.221482329E+00
+533.400E-06,+7.221482329E+00
+537.600E-06,+7.221482329E+00
+541.800E-06,+7.141080320E+00
+546.000E-06,+7.019127293E+00
+550.200E-06,-241.780125E-03
+554.400E-06,-245.302335E-03
+558.600E-06,-210.831299E-03
+562.800E-06,-195.849152E-03
+567.000E-06,+7.217102373E+00
+571.200E-06,+7.141080320E+00
+575.400E-06,+7.141080320E+00
+579.600E-06,+7.141080320E+00
+583.800E-06,+7.060678311E+00
+588.000E-06,+6.932665398E+00
+592.200E-06,-183.567031E-03
+596.400E-06,-239.242449E-03
+600.600E-06,-175.502516E-03
+604.800E-06,-255.904526E-03
+609.000E-06,+7.231922171E+00
+613.200E-06,+7.266717905E+00
+617.400E-06,+7.200973344E+00
+621.600E-06,+7.141080320E+00
+625.800E-06,+7.112136122E+00
+630.000E-06,+7.007007522E+00
+634.200E-06,-177.507145E-03
+638.400E-06,-233.182563E-03
+642.600E-06,-208.455972E-03
+646.800E-06,-769.357406E-03
+651.000E-06,+7.301884338E+00
+655.200E-06,+7.301884338E+00
+659.400E-06,+7.221482329E+00
+663.600E-06,+7.141080320E+00
+667.800E-06,+7.060678311E+00
+672.000E-06,+6.980276302E+00
+676.200E-06,-175.502516E-03
+680.400E-06,-255.904526E-03
+684.600E-06,-202.396086E-03
+688.800E-06,+128.769694E-03
+693.000E-06,+7.301884338E+00
+697.200E-06,+7.221482329E+00
+701.400E-06,+7.221482329E+00
+705.600E-06,+7.157417698E+00
+709.800E-06,+7.100016351E+00
+714.000E-06,+7.060678311E+00
+718.200E-06,-175.502516E-03
+722.400E-06,-221.062792E-03
+726.600E-06,-175.502516E-03
+730.800E-06,+7.607920745E+00
+735.000E-06,+7.301884338E+00
+739.200E-06,+7.194426410E+00
+743.400E-06,+7.221482329E+00
+747.600E-06,+7.141080320E+00
+751.800E-06,+7.093956465E+00
+756.000E-06,+7.132528757E+00
+760.200E-06,-255.904526E-03
+764.400E-06,-255.904526E-03
+768.600E-06,-175.502516E-03
+772.800E-06,+7.231435122E+00
+777.000E-06,+7.256161714E+00
+781.200E-06,+7.183072386E+00
+785.400E-06,+7.144810878E+00
+789.600E-06,+7.273427189E+00
+793.800E-06,+7.113862051E+00
+798.000E-06,+7.060678311E+00
+802.200E-06,-233.669611E-03
+806.400E-06,-208.943020E-03
+810.600E-06,-247.190613E-03
+814.800E-06,+7.173105678E+00
+819.000E-06,+7.261145068E+00
+823.200E-06,+7.301884338E+00
+827.400E-06,+7.292093894E+00
+831.600E-06,+7.141080320E+00
+835.800E-06,+7.141080320E+00
+840.000E-06,+7.060678311E+00
+844.200E-06,-203.797316E-03
+848.400E-06,-202.883134E-03
+852.600E-06,-255.904526E-03
+856.800E-06,+7.243554894E+00
+861.000E-06,+7.301884338E+00
+865.200E-06,+6.337060228E+00
+869.400E-06,+6.321209898E+00
+873.600E-06,+6.216081298E+00
+877.800E-06,+6.110952697E+00
+882.000E-06,+5.967311719E+00
+886.200E-06,+1.914949723E+00
+890.400E-06,+1.796787168E+00
+894.600E-06,+1.754145704E+00
+898.800E-06,+6.859755815E+00
+903.000E-06,+6.042995159E+00
+907.200E-06,+5.937866558E+00
+911.400E-06,+5.891229751E+00
+915.600E-06,+5.774246164E+00
+919.800E-06,+5.684805543E+00
+924.000E-06,+4.440758964E+00
+928.200E-06,+1.512939677E+00
+932.400E-06,+1.432537667E+00
+936.600E-06,+1.361601403E+00
+940.800E-06,+5.108855090E+00
+945.000E-06,+5.533040136E+00
+949.200E-06,+5.452638127E+00
+953.400E-06,+5.396697925E+00
+957.600E-06,+5.211432099E+00
+961.800E-06,+5.131030090E+00
+966.000E-06,+228.487032E-03
+970.200E-06,+1.077002079E+00
+974.400E-06,+959.326573E-03
+978.600E-06,+1.015001991E+00
+982.800E-06,+4.568318461E+00
+987.000E-06,+4.970226072E+00
+991.200E-06,+4.889824063E+00
+995.400E-06,+4.809422053E+00
+999.600E-06,+4.729020044E+00
+1.003800E-03,+4.565134866E+00
+1.008000E-03,-682.701077E-03
+1.012200E-03,+628.517576E-03
+1.016400E-03,+548.115566E-03
+1.020600E-03,+489.299074E-03
+1.024800E-03,+4.546348331E+00
+1.029000E-03,+4.407412007E+00
+1.033200E-03,+4.327009998E+00
+1.037400E-03,+4.166205980E+00
+1.041600E-03,+4.085803971E+00
+1.045800E-03,+4.005401962E+00
+1.050000E-03,-636.713668E-03
+1.054200E-03,+226.507530E-03
+1.058400E-03,+223.588719E-03
+1.062600E-03,+118.460118E-03
+1.066800E-03,+4.057773955E+00
+1.071000E-03,+3.767499358E+00
+1.075200E-03,+3.742772767E+00
+1.079400E-03,+3.603391916E+00
+1.083600E-03,+3.522989906E+00
+1.087800E-03,+3.442587897E+00
+1.092000E-03,-698.389057E-03
+1.096200E-03,-240.156631E-03
+1.100400E-03,-327.327838E-03
+1.104600E-03,-336.306535E-03
+1.108800E-03,+3.340215758E+00
+1.113000E-03,+3.201381870E+00
+1.117200E-03,+3.148462913E+00
+1.121400E-03,+2.988368207E+00
+1.125600E-03,+3.037112078E+00
+1.129800E-03,+2.879773833E+00
+1.134000E-03,-738.316581E-03
+1.138200E-03,-577.512562E-03
+1.142400E-03,-657.914571E-03
+1.146600E-03,-657.914571E-03
+1.150800E-03,+2.654478049E+00
+1.155000E-03,+2.710153467E+00
+1.159200E-03,+2.605024867E+00
+1.163400E-03,+2.536033317E+00
+1.167600E-03,+2.399955890E+00
+1.171800E-03,+2.263878463E+00
+1.176000E-03,-818.718590E-03
+1.180200E-03,-815.090467E-03
+1.184400E-03,-818.718590E-03
+1.188600E-03,-772.893530E-03
+1.192800E-03,+2.065903383E+00
+1.197000E-03,+1.995351732E+00
+1.201200E-03,+2.036150917E+00
+1.205400E-03,-239.831932E-03
+1.209600E-03,-166.848519E-03
+1.213800E-03,-128.481096E-03
+1.218000E-03,-197.797345E-03
+1.222200E-03,-177.934279E-03
+1.226400E-03,-148.344162E-03
+1.230600E-03,-146.985452E-03
+1.234800E-03,-171.712044E-03
+1.239000E-03,-175.502516E-03
+1.243200E-03,-129.839806E-03
+1.247400E-03,-105.113215E-03
+1.251600E-03,-160.788633E-03
+1.255800E-03,-216.464051E-03
+1.260000E-03,-159.267573E-03
+1.264200E-03,-95.100507E-03
+1.268400E-03,-128.318747E-03
+1.272600E-03,-153.045338E-03
+1.276800E-03,-173.233103E-03
+1.281000E-03,-95.100507E-03
+1.285200E-03,-123.779920E-03
+1.289400E-03,-175.502516E-03
+1.293600E-03,-95.100507E-03
+1.297800E-03,-95.100507E-03
+1.302000E-03,-95.100507E-03
+1.306200E-03,-175.502516E-03
+1.310400E-03,-95.100507E-03
+1.314600E-03,-159.105224E-03
+1.318800E-03,-103.429806E-03
+1.323000E-03,-95.100507E-03
+1.327200E-03,-175.502516E-03
+1.331400E-03,-95.100507E-03
+1.335600E-03,-121.934162E-03
+1.339800E-03,-43.540261E-03
+1.344000E-03,-90.985336E-03
+1.348200E-03,-154.891096E-03
+1.352400E-03,-95.100507E-03
+1.356600E-03,-95.100507E-03
+1.360800E-03,-109.489692E-03
+1.365000E-03,-175.502516E-03
+1.369200E-03,-95.100507E-03
+1.373400E-03,-86.933558E-03
+1.377600E-03,-142.608975E-03
+1.381800E-03,-140.664261E-03
+1.386000E-03,-95.100507E-03
+1.390200E-03,-148.831211E-03
+1.394400E-03,-175.502516E-03
+1.398600E-03,-99.378028E-03
+1.402800E-03,-95.100507E-03
+1.407000E-03,-140.276169E-03
+1.411200E-03,-154.503004E-03
+1.415400E-03,-95.100507E-03
+1.419600E-03,-95.100507E-03
+1.423800E-03,-95.100507E-03
+1.428000E-03,-95.100507E-03
+1.432200E-03,-62.369316E-03
+1.436400E-03,-152.558290E-03
+1.440600E-03,-95.100507E-03
+1.444800E-03,-148.993560E-03
+1.449000E-03,-146.336055E-03
+1.453200E-03,-95.100507E-03
+1.457400E-03,-95.100507E-03
+1.461600E-03,-140.113819E-03
+1.465800E-03,-84.438402E-03
+1.470000E-03,-95.100507E-03
+1.474200E-03,-95.100507E-03
+1.478400E-03,-141.733835E-03
+1.482600E-03,-95.100507E-03
+1.486800E-03,-14.698498E-03
+1.491000E-03,-71.993931E-03
+1.495200E-03,-95.100507E-03
+1.499400E-03,-95.100507E-03
+1.503600E-03,-146.173705E-03
+1.507800E-03,-99.702727E-03
+1.512000E-03,-95.100507E-03
+1.516200E-03,-130.651553E-03
+1.520400E-03,-175.502516E-03
+1.524600E-03,-95.100507E-03
+1.528800E-03,-95.100507E-03
+1.533000E-03,-95.100507E-03
+1.537200E-03,-22.378399E-03
+1.541400E-03,-127.507000E-03
+1.545600E-03,-71.831582E-03
+1.549800E-03,-93.642841E-03
+1.554000E-03,-149.318259E-03
+1.558200E-03,-44.189658E-03
+1.562400E-03,-95.100507E-03
+1.566600E-03,-115.062529E-03
+1.570800E-03,-95.100507E-03
+1.575000E-03,-106.087311E-03
+1.579200E-03,-108.840294E-03
+1.583400E-03,-137.036138E-03
+1.587600E-03,-95.100507E-03
+1.591800E-03,-95.100507E-03
+1.596000E-03,-79.186784E-03
+1.600200E-03,-38.129773E-03
+1.604400E-03,-175.502516E-03
+1.608600E-03,-95.100507E-03
+1.612800E-03,-74.005518E-03
+1.617000E-03,-100.027426E-03
+1.621200E-03,-95.100507E-03
+1.625400E-03,-95.100507E-03
+1.629600E-03,-164.353363E-03
+1.633800E-03,-95.100507E-03
+1.638000E-03,-53.002527E-03
+1.642200E-03,-14.698498E-03
+1.646400E-03,-175.502516E-03
+1.650600E-03,-95.100507E-03
+1.654800E-03,-95.100507E-03
+1.659000E-03,-95.100507E-03
+1.663200E-03,-95.100507E-03
+1.667400E-03,-95.100507E-03
+1.671600E-03,-170.413248E-03
+1.675800E-03,-95.100507E-03
+1.680000E-03,-131.138602E-03
+1.684200E-03,-175.502516E-03
+1.688400E-03,-162.087428E-03
+1.692600E-03,-175.502516E-03
+1.696800E-03,-157.968778E-03
+1.701000E-03,-168.309663E-03
+1.705200E-03,-175.502516E-03
+1.709400E-03,-151.746543E-03
+1.713600E-03,-94.129889E-03
+1.717800E-03,-40.395707E-03
+1.722000E-03,-125.078716E-03
+1.726200E-03,-95.100507E-03
+1.730400E-03,-136.552569E-03
+1.734600E-03,-139.302072E-03
+1.738800E-03,-95.100507E-03
+1.743000E-03,-175.502516E-03
+1.747200E-03,-57.121177E-03
+1.751400E-03,-157.806428E-03
+1.755600E-03,-95.100507E-03
+1.759800E-03,-46.455593E-03
+1.764000E-03,-127.665870E-03
+1.768200E-03,-174.694248E-03
+1.772400E-03,-95.100507E-03
+1.776600E-03,-95.100507E-03
+1.780800E-03,-95.100507E-03
+1.785000E-03,-95.100507E-03
+1.789200E-03,-95.100507E-03
+1.793400E-03,-163.866314E-03
+1.797600E-03,-27.788887E-03
+1.801800E-03,-95.100507E-03
+1.806000E-03,-157.644079E-03
+1.810200E-03,-95.100507E-03
+1.814400E-03,-95.100507E-03
+1.818600E-03,-175.502516E-03
+1.822800E-03,-94.454588E-03
+1.827000E-03,-120.473017E-03
+1.831200E-03,-175.502516E-03
+1.835400E-03,-95.100507E-03
+1.839600E-03,-95.100507E-03
+1.843800E-03,-131.625650E-03
+1.848000E-03,-163.703965E-03
+1.852200E-03,-95.100507E-03
+1.856400E-03,-95.100507E-03
+1.860600E-03,-175.502516E-03
+1.864800E-03,-95.100507E-03
+1.869000E-03,-175.502516E-03
+1.873200E-03,-151.259494E-03
+1.877400E-03,-95.100507E-03
+1.881600E-03,-39.908659E-03
+1.885800E-03,-125.565764E-03
+1.890000E-03,-100.839173E-03
+1.894200E-03,-114.088433E-03
+1.898400E-03,-131.787999E-03
+1.902600E-03,-95.100507E-03
+1.906800E-03,-95.100507E-03
+1.911000E-03,-95.100507E-03
+1.915200E-03,-157.319380E-03
+1.919400E-03,+8.018958966E+00
+1.923600E-03,+1.959627900E+00
+1.927800E-03,-738.316581E-03
+1.932000E-03,-818.076150E-03
+1.936200E-03,-793.670778E-03
+1.940400E-03,-788.090983E-03
+1.944600E-03,-669.716602E-03
+1.948800E-03,+585.766719E-03
+1.953000E-03,+1.234883807E+00
+1.957200E-03,+1.203454890E+00
+1.961400E-03,+1.271733649E+00
+1.965600E-03,+1.352135658E+00
+1.969800E-03,-818.718590E-03
+1.974000E-03,-738.316581E-03
+1.978200E-03,-818.718590E-03
+1.982400E-03,-762.884301E-03
+1.986600E-03,-738.316581E-03
+1.990800E-03,+1.568456224E+00
+1.995000E-03,+1.754145704E+00
+1.999200E-03,+1.840611078E+00
+2.003400E-03,+1.853210940E+00
+2.007600E-03,+1.834547713E+00
+2.011800E-03,-806.432990E-03
+2.016000E-03,-738.316581E-03
+2.020200E-03,-781.551007E-03
+2.024400E-03,-738.316581E-03
+2.028600E-03,+1.834547713E+00
+2.032800E-03,+2.236557759E+00
+2.037000E-03,+2.316959769E+00
+2.041200E-03,+2.397361778E+00
+2.045400E-03,+2.477763787E+00
+2.049600E-03,+2.428314083E+00
+2.053800E-03,-738.316581E-03
+2.058000E-03,-756.817458E-03
+2.062200E-03,-781.544049E-03
+2.066400E-03,-738.316581E-03
+2.070600E-03,+2.718969814E+00
+2.074800E-03,+2.879773833E+00
+2.079000E-03,+2.941505658E+00
+2.083200E-03,+2.966232249E+00
+2.087400E-03,+2.990958840E+00
+2.091600E-03,+3.009960681E+00
+2.095800E-03,-657.914571E-03
+2.100000E-03,-416.708544E-03
+2.104200E-03,-336.306535E-03
+2.108400E-03,+1.861202399E+00
+2.112600E-03,+3.442587897E+00
+2.116800E-03,+3.485653016E+00
+2.121000E-03,+3.590781617E+00
+2.125200E-03,+3.603391916E+00
+2.129400E-03,+3.603391916E+00
+2.133600E-03,+3.603391916E+00
+2.137800E-03,-95.100507E-03
+2.142000E-03,-14.698498E-03
+2.146200E-03,+65.703511E-03
+2.150400E-03,+6.093228779E+00
+2.154600E-03,+4.005401962E+00
+2.158800E-03,+4.054526966E+00
+2.163000E-03,+4.011952374E+00
+2.167200E-03,+4.085803971E+00
+2.171400E-03,+4.160802450E+00
+2.175600E-03,+4.178978628E+00
+2.179800E-03,+306.909539E-03
+2.184000E-03,+387.311548E-03
+2.188200E-03,+467.713557E-03
+2.192400E-03,+6.142024058E+00
+2.196600E-03,+4.598674325E+00
+2.200800E-03,+4.648618035E+00
+2.205000E-03,+4.648618035E+00
+2.209200E-03,+4.704783980E+00
+2.213400E-03,+4.729020044E+00
+2.217600E-03,+4.735732807E+00
+2.221800E-03,+708.919585E-03
+2.226000E-03,+826.983183E-03
+2.230200E-03,+869.723603E-03
+2.234400E-03,+4.923059696E+00
+2.238600E-03,+5.087146266E+00
+2.242800E-03,+7.240639562E+00
+2.247000E-03,+7.221482329E+00
+2.251200E-03,+7.141080320E+00
+2.255400E-03,+7.115700852E+00
+2.259600E-03,+7.060678311E+00
+2.263800E-03,-231.830811E-03
+2.268000E-03,-224.302822E-03
+2.272200E-03,-175.502516E-03
+2.276400E-03,+7.239333809E+00
+2.280600E-03,+7.259306267E+00
+2.284800E-03,+7.154177667E+00
+2.289000E-03,+7.221482329E+00
+2.293200E-03,+7.097034146E+00
+2.297400E-03,+7.060678311E+00
+2.301600E-03,+6.439575381E+00
+2.305800E-03,-175.502516E-03
+2.310000E-03,-175.502516E-03
+2.314200E-03,-175.502516E-03
+2.318400E-03,+7.301884338E+00
+2.322600E-03,+7.301884338E+00
+2.326800E-03,+7.221482329E+00
+2.331000E-03,+7.221482329E+00
+2.335200E-03,+7.141080320E+00
+2.339400E-03,+7.047418614E+00
+2.343600E-03,-1.117392837E+00
+2.347800E-03,-211.696003E-03
+2.352000E-03,-175.502516E-03
+2.356200E-03,-245.415206E-03
+2.360400E-03,+7.301884338E+00
+2.364600E-03,+7.247186496E+00
+2.368800E-03,+7.301884338E+00
+2.373000E-03,+7.197733313E+00
+2.377200E-03,+7.092604713E+00
+2.381400E-03,+7.060678311E+00
+2.385600E-03,-916.647380E-03
+2.389800E-03,-255.904526E-03
+2.394000E-03,-242.482480E-03
+2.398200E-03,-164.197971E-03
+2.402400E-03,+7.301884338E+00
+2.406600E-03,+7.282240057E+00
+2.410800E-03,+7.221482329E+00
+2.415000E-03,+7.221482329E+00
+2.419200E-03,+7.086544827E+00
+2.423400E-03,+7.060678311E+00
+2.427600E-03,-255.904526E-03
+2.431800E-03,-255.904526E-03
+2.436000E-03,-248.542365E-03
+2.440200E-03,-158.138085E-03
+2.444400E-03,+7.259793316E+00
+2.448600E-03,+7.235066724E+00
+2.452800E-03,+7.232624525E+00
+2.457000E-03,+7.221482329E+00
+2.461200E-03,+7.141080320E+00
+2.465400E-03,+7.060678311E+00
+2.469600E-03,-255.904526E-03
+2.473800E-03,-201.531382E-03
+2.478000E-03,-176.804791E-03
+2.482200E-03,-175.502516E-03
+2.486400E-03,+7.253733430E+00
+2.490600E-03,+7.301884338E+00
+2.494800E-03,+7.284682256E+00
+2.499000E-03,+7.221482329E+00
+2.503200E-03,+7.141080320E+00
+2.507400E-03,+7.141080320E+00
+2.511600E-03,-255.904526E-03
+2.515800E-03,-175.502516E-03
+2.520000E-03,-251.146914E-03
+2.524200E-03,-175.502516E-03
+2.528400E-03,+7.329903917E+00
+2.532600E-03,+7.222946953E+00
+2.536800E-03,+7.278622371E+00
+2.541000E-03,+7.253895779E+00
+2.545200E-03,+7.141080320E+00
+2.549400E-03,+7.141080320E+00
+2.553600E-03,-255.904526E-03
+2.557800E-03,-175.502516E-03
+2.562000E-03,-186.320014E-03
+2.566200E-03,-255.904526E-03
+2.570400E-03,+7.221482329E+00
+2.574600E-03,+7.226077591E+00
+2.578800E-03,+7.250804182E+00
+2.583000E-03,+7.221482329E+00
+2.587200E-03,+7.219855356E+00
+2.591400E-03,+7.141080320E+00
+2.595600E-03,-255.904526E-03
+2.599800E-03,-255.904526E-03
+2.604000E-03,-255.904526E-03
+2.608200E-03,-217.106491E-03
+2.612400E-03,+7.221482329E+00
+2.616600E-03,+7.221482329E+00
+2.620800E-03,+7.186100590E+00
+2.625000E-03,+7.141080320E+00
+2.629200E-03,+7.060678311E+00
+2.633400E-03,+6.951116798E+00
+2.637600E-03,-255.904526E-03
+2.641800E-03,-254.115203E-03
+2.646000E-03,-175.502516E-03
+2.650200E-03,-223.166376E-03
+2.654400E-03,+7.293872781E+00
+2.658600E-03,+7.221482329E+00
+2.662800E-03,+7.260442713E+00
+2.667000E-03,+7.074912104E+00
+2.671200E-03,+7.130587521E+00
+2.675400E-03,+6.980276302E+00
+2.679600E-03,-255.904526E-03
+2.683800E-03,-251.633962E-03
+2.688000E-03,-175.502516E-03
+2.692200E-03,-255.904526E-03
+2.696400E-03,+7.301884338E+00
+2.700600E-03,+7.244257248E+00
+2.704800E-03,+7.221482329E+00
+2.709000E-03,+7.157428134E+00
+2.713200E-03,+7.060678311E+00
+2.717400E-03,+6.980276302E+00
+2.721600E-03,-255.904526E-03
+2.725800E-03,-255.904526E-03
+2.730000E-03,-175.502516E-03
+2.734200E-03,-175.502516E-03
+2.738400E-03,+7.297776124E+00
+2.742600E-03,+7.301884338E+00
+2.746800E-03,+7.167920933E+00
+2.751000E-03,+7.143194341E+00
+2.755200E-03,+7.083290881E+00
+2.759400E-03,+7.060678311E+00
+2.763600E-03,-255.904526E-03
+2.767800E-03,-111.490842E-03
+2.772000E-03,-216.619442E-03
+2.776200E-03,+4.747542187E+00
+2.780400E-03,+7.221482329E+00
+2.784600E-03,+7.221482329E+00
+2.788800E-03,+7.221482329E+00
+2.793000E-03,+7.141080320E+00
+2.797200E-03,+7.118023222E+00
+2.801400E-03,+7.087681273E+00
+2.805600E-03,-255.904526E-03
+2.809800E-03,-175.502516E-03
+2.814000E-03,-208.727714E-03
+2.818200E-03,+7.945100412E+00
+2.822400E-03,+7.301884338E+00
+2.826600E-03,+7.221482329E+00
+2.830800E-03,+7.236203170E+00
+2.835000E-03,+7.141080320E+00
+2.839200E-03,+7.106347978E+00
+2.843400E-03,+7.081621387E+00
+2.847600E-03,-252.121011E-03
+2.851800E-03,-175.502516E-03
+2.856000E-03,-228.739214E-03
+2.860200E-03,+7.555283967E+00
+2.864400E-03,+7.301884338E+00
+2.868600E-03,+7.221482329E+00
+2.872800E-03,+7.221482329E+00
+2.877000E-03,+7.205416693E+00
+2.881200E-03,+7.141080320E+00
+2.885400E-03,+7.060678311E+00
+2.889600E-03,-246.061125E-03
+2.893800E-03,-221.334534E-03
+2.898000E-03,-234.799100E-03
+2.902200E-03,+7.225103495E+00
+2.906400E-03,+7.221482329E+00
+2.910600E-03,+7.274556677E+00
+2.914800E-03,+7.299283269E+00
+2.919000E-03,+7.163205842E+00
+2.923200E-03,+7.141080320E+00
+2.927400E-03,+7.060678311E+00
+2.931600E-03,-899.120599E-03
+2.935800E-03,-899.120599E-03
+2.940000E-03,+1.527985217E+00
+2.944200E-03,+6.600581957E+00
+2.948400E-03,+6.337060228E+00
+2.952600E-03,+6.277925994E+00
+2.956800E-03,+6.256658219E+00
+2.961000E-03,+6.152225015E+00
+2.965200E-03,+6.042942202E+00
+2.969400E-03,+5.935050182E+00
+2.973600E-03,+1.892986550E+00
+2.977800E-03,+1.787857950E+00
+2.982000E-03,+1.754145704E+00
+2.986200E-03,+7.576269564E+00
+2.990400E-03,+5.894582654E+00
+2.994600E-03,+5.789454053E+00
+2.998800E-03,+5.764727462E+00
+3.003000E-03,+5.613442145E+00
+3.007200E-03,+5.511610011E+00
+3.011400E-03,+5.446045194E+00
+3.015600E-03,+1.352135658E+00
+3.019800E-03,+1.327038369E+00
+3.024000E-03,+1.271733649E+00
+3.028200E-03,+6.251253914E+00
+3.032400E-03,+5.418763532E+00
+3.036600E-03,+5.353940110E+00
+3.040800E-03,+5.211432099E+00
+3.045000E-03,+5.131030090E+00
+3.049200E-03,+4.824792292E+00
+3.053400E-03,+2.943209165E+00
+3.057600E-03,+950.125612E-03
+3.061800E-03,+928.533138E-03
+3.066000E-03,+866.589486E-03
+3.070200E-03,+4.299149290E+00
+3.074400E-03,+4.809422053E+00
+3.078600E-03,+4.648618035E+00
+3.082800E-03,+4.546577552E+00
+3.087000E-03,+4.487814017E+00
+3.091200E-03,+4.327009998E+00
+3.095400E-03,-428.803964E-03
+3.099600E-03,+507.856387E-03
+3.103800E-03,+467.713557E-03
+3.108000E-03,+387.311548E-03
+3.112200E-03,+3.819476302E+00
+3.116400E-03,+4.224853166E+00
+3.120600E-03,+4.085803971E+00
+3.124800E-03,+3.977703602E+00
+3.129000E-03,+3.844597943E+00
+3.133200E-03,+3.767446401E+00
+3.137400E-03,-797.242466E-03
+3.141600E-03,+99.902805E-03
+3.145800E-03,+65.703511E-03
+3.150000E-03,+50.449623E-03
+3.154200E-03,+3.683352876E+00
+3.158400E-03,+3.603391916E+00
+3.162600E-03,+3.522989906E+00
+3.166800E-03,+3.442587897E+00
+3.171000E-03,+3.303701052E+00
+3.175200E-03,+3.201381870E+00
+3.179400E-03,-791.182580E-03
+3.183600E-03,-336.306535E-03
+3.187800E-03,-336.306535E-03
+3.192000E-03,-395.394769E-03
+3.196200E-03,+3.028899129E+00
+3.200400E-03,+3.040577851E+00
+3.204600E-03,+2.945084303E+00
+3.208800E-03,+2.839189954E+00
+3.213000E-03,+2.734827102E+00
+3.217200E-03,+2.638567805E+00
+3.221400E-03,-785.122694E-03
+3.225600E-03,-738.316581E-03
+3.229800E-03,-660.561640E-03
+3.234000E-03,-791.344930E-03
+3.238200E-03,+2.397361778E+00
+3.242400E-03,+2.397361778E+00
+3.246600E-03,+2.435460937E+00
+3.250800E-03,+2.282435776E+00
+3.255000E-03,+2.236557759E+00
+3.259200E-03,+2.075753741E+00
+3.263400E-03,-738.316581E-03
+3.267600E-03,-818.718590E-03
+3.271800E-03,-818.718590E-03
+3.276000E-03,-818.718590E-03
+3.280200E-03,+1.571099814E+00
+3.284400E-03,+1.834547713E+00
+3.288600E-03,+1.781357015E+00
+3.292800E-03,+1.702207802E+00
+3.297000E-03,-171.765001E-03
+3.301200E-03,-95.100507E-03
+3.305400E-03,-175.502516E-03
+3.309600E-03,-105.060258E-03
+3.313800E-03,-109.867348E-03
+3.318000E-03,-136.009085E-03
+3.322200E-03,-175.502516E-03
+3.326400E-03,-31.787708E-03
+3.330600E-03,-128.371704E-03
+3.334800E-03,-95.100507E-03
+3.339000E-03,-173.180146E-03
+3.343200E-03,-175.502516E-03
+3.347400E-03,-118.249603E-03
+3.351600E-03,-95.100507E-03
+3.355800E-03,-95.100507E-03
+3.360000E-03,-95.100507E-03
+3.364200E-03,-165.380416E-03
+3.368400E-03,-175.502516E-03
+3.372600E-03,-134.431589E-03
+3.376800E-03,-95.100507E-03
+3.381000E-03,-167.120261E-03
+3.385200E-03,-95.100507E-03
+3.389400E-03,-152.935946E-03
+3.393600E-03,-97.260528E-03
+3.397800E-03,-148.615904E-03
+3.402000E-03,-146.713710E-03
+3.406200E-03,-99.162722E-03
+3.410400E-03,-175.502516E-03
+3.414600E-03,-175.502516E-03
+3.418800E-03,-165.218067E-03
+3.423000E-03,-109.542649E-03
+3.427200E-03,-14.698498E-03
+3.431400E-03,-111.607192E-03
+3.435600E-03,-175.502516E-03
+3.439800E-03,-175.502516E-03
+3.444000E-03,-95.100507E-03
+3.448200E-03,-173.504845E-03
+3.452400E-03,-68.376245E-03
+3.456600E-03,-95.100507E-03
+3.460800E-03,-167.053388E-03
+3.465000E-03,-95.100507E-03
+3.469200E-03,-59.927117E-03
+3.473400E-03,-95.100507E-03
+3.477600E-03,-95.100507E-03
+3.481800E-03,-136.496133E-03
+3.486000E-03,-142.164448E-03
+3.490200E-03,-95.100507E-03
+3.494400E-03,-175.502516E-03
+3.498600E-03,-95.100507E-03
+3.502800E-03,-173.667195E-03
+3.507000E-03,-95.100507E-03
+3.511200E-03,-146.389012E-03
+3.515400E-03,-95.100507E-03
+3.519600E-03,-155.162838E-03
+3.523800E-03,-95.100507E-03
+3.528000E-03,-95.100507E-03
+3.532200E-03,-161.385074E-03
+3.536400E-03,-133.944541E-03
+3.540600E-03,-95.100507E-03
+3.544800E-03,-102.995715E-03
+3.549000E-03,-95.100507E-03
+3.553200E-03,-95.100507E-03
+3.557400E-03,-95.100507E-03
+3.561600E-03,-149.102953E-03
+3.565800E-03,-116.950808E-03
+3.570000E-03,-99.649770E-03
+3.574200E-03,-155.325188E-03
+3.578400E-03,-95.100507E-03
+3.582600E-03,-95.100507E-03
+3.586800E-03,-109.055600E-03
+3.591000E-03,-95.100507E-03
+3.595200E-03,-112.094240E-03
+3.599400E-03,-87.367649E-03
+3.603600E-03,-143.043067E-03
+3.607800E-03,-95.100507E-03
+3.612000E-03,-95.100507E-03
+3.616200E-03,-40.935712E-03
+3.620400E-03,-146.064313E-03
+3.624600E-03,-19.410110E-03
+3.628800E-03,-155.487537E-03
+3.633000E-03,-139.842078E-03
+3.637200E-03,-84.166660E-03
+3.641400E-03,-161.709772E-03
+3.645600E-03,-98.463846E-03
+3.649800E-03,-221.592360E-03
+3.654000E-03,-102.671016E-03
+3.658200E-03,-95.100507E-03
+3.662400E-03,-95.100507E-03
+3.666600E-03,-96.448781E-03
+3.670800E-03,-149.427652E-03
+3.675000E-03,-44.299051E-03
+3.679200E-03,-99.974469E-03
+3.683400E-03,-114.953137E-03
+3.687600E-03,-95.100507E-03
+3.691800E-03,-95.100507E-03
+3.696000E-03,-28.328892E-03
+3.700200E-03,-95.100507E-03
+3.704400E-03,-95.100507E-03
+3.708600E-03,-95.100507E-03
+3.712800E-03,-95.100507E-03
+3.717000E-03,-151.961849E-03
+3.721200E-03,-95.100507E-03
+3.725400E-03,-95.100507E-03
+3.729600E-03,-145.739614E-03
+3.733800E-03,-170.466205E-03
+3.738000E-03,-95.100507E-03
+3.742200E-03,-95.100507E-03
+3.746400E-03,-106.359053E-03
+3.750600E-03,-162.034471E-03
+3.754800E-03,-99.113244E-03
+3.759000E-03,-158.021735E-03
+3.763200E-03,-95.100507E-03
+3.767400E-03,-111.557714E-03
+3.771600E-03,-175.502516E-03
+3.775800E-03,-96.124082E-03
+3.780000E-03,-95.100507E-03
+3.784200E-03,-175.502516E-03
+3.788400E-03,-95.100507E-03
+3.792600E-03,-95.100507E-03
+3.796800E-03,-95.100507E-03
+3.801000E-03,-95.100507E-03
+3.805200E-03,-162.196821E-03
+3.809400E-03,-95.100507E-03
+3.813600E-03,-140.216254E-03
+3.817800E-03,-102.183968E-03
+3.822000E-03,-143.692465E-03
+3.826200E-03,-118.965873E-03
+3.830400E-03,-174.641291E-03
+3.834600E-03,-175.502516E-03
+3.838800E-03,-125.188108E-03
+3.843000E-03,-164.780496E-03
+3.847200E-03,-95.100507E-03
+3.851400E-03,-95.100507E-03
+3.855600E-03,-106.683752E-03
+3.859800E-03,-95.100507E-03
+3.864000E-03,-95.100507E-03
+3.868200E-03,-157.697036E-03
+3.872400E-03,-95.100507E-03
+3.876600E-03,-95.100507E-03
+3.880800E-03,-151.474801E-03
+3.885000E-03,-95.100507E-03
+3.889200E-03,-95.100507E-03
+3.893400E-03,-95.100507E-03
+3.897600E-03,-95.100507E-03
+3.901800E-03,-236.701294E-03
+3.906000E-03,-95.100507E-03
+3.910200E-03,-95.100507E-03
+3.914400E-03,-95.100507E-03
+3.918600E-03,-95.100507E-03
+3.922800E-03,-95.100507E-03
+3.927000E-03,-95.100507E-03
+3.931200E-03,-95.100507E-03
+3.935400E-03,-119.290572E-03
+3.939600E-03,-95.100507E-03
+3.943800E-03,-95.100507E-03
+3.948000E-03,-95.100507E-03
+3.952200E-03,-164.131099E-03
+3.956400E-03,-33.739380E-03
+3.960600E-03,-58.465972E-03
+3.964800E-03,-95.100507E-03
+3.969000E-03,-95.100507E-03
+3.973200E-03,-57.555269E-03
+3.977400E-03,-157.372337E-03
+3.981600E-03,-95.100507E-03
+3.985800E-03,-144.179513E-03
+3.990000E-03,-39.050912E-03
+3.994200E-03,-94.726330E-03
+3.998400E-03,-120.201275E-03
+4.002600E-03,+1.191331640E+00
+4.006800E-03,+950.125612E-03
+4.011000E-03,+869.723603E-03
+4.015200E-03,-775.113465E-03
+4.019400E-03,-738.316581E-03
+4.023600E-03,-818.718590E-03
+4.027800E-03,-775.699470E-03
+4.032000E-03,-818.718590E-03
+4.036200E-03,-738.316581E-03
+4.040400E-03,+1.079768977E+00
+4.044600E-03,+1.247218885E+00
+4.048800E-03,+1.351923831E+00
+4.053000E-03,+1.407599249E+00
+4.057200E-03,-818.718590E-03
+4.061400E-03,-818.718590E-03
+4.065600E-03,-818.718590E-03
+4.069800E-03,-862.161365E-03
+4.074000E-03,-806.485947E-03
+4.078200E-03,+1.580847737E+00
+4.082400E-03,+1.754145704E+00
+4.086600E-03,+1.834547713E+00
+4.090800E-03,+1.840819427E+00
+4.095000E-03,+1.914949723E+00
+4.099200E-03,-738.316581E-03
+4.103400E-03,-738.366059E-03
+4.107600E-03,-738.316581E-03
+4.111800E-03,-818.718590E-03
+4.116000E-03,+1.933467994E+00
+4.120200E-03,+2.298405934E+00
+4.124400E-03,+2.397361778E+00
+4.128600E-03,+2.397361778E+00
+4.132800E-03,+2.477763787E+00
+4.137000E-03,+2.477763787E+00
+4.141200E-03,-738.316581E-03
+4.145400E-03,-738.316581E-03
+4.149600E-03,-738.316581E-03
+4.153800E-03,-738.316581E-03
+4.158000E-03,+2.879548090E+00
+4.162200E-03,+2.879773833E+00
+4.166400E-03,+2.960175842E+00
+4.170600E-03,+3.040577851E+00
+4.174800E-03,+3.040577851E+00
+4.179000E-03,+3.083695927E+00
+4.183200E-03,-725.759239E-03
+4.187400E-03,-416.708544E-03
+4.191600E-03,-416.708544E-03
+4.195800E-03,-397.928967E-03
